tdulcet,tealdulcet.ddns.net,6283
patter5,megmurry.ddns.net,6283
relsqui,cupcake.chiliahedron.com,6283
pyrrh,souffle.chiliahedron.com,6283
aarong,inspignia.ddns.net,6283
mancat,inchworm.mindtax.net,6283
dom,mahan.mindtax.net,6283
brodie,solar.noip.me,6283
paolo2,pirr.ddns.net,6283
mrme,mrme.ddns.net,6283
manpreet20,manpreet.ddns.net,6283
huyng90,huyng90.ddns.net,6283
rhatchet,pi.arenjae.com,6283
natreed,natreed.ddns.net,6283
leng,junkgrave.com,6283
aldridge85,csjosh.ddns.net,6283
etsai,etsai.ddns.net,6283
jbucklin,jbucklin.ddns.net,6283
echo,barton.cs.pdx.edu,6283
echo1,po8.org,6283
echo2,drupal.svcs.cs.pdx.edu,6283
mantron,mantron.ddns.net,6283
jojen2,itsjonnyjyo.ddns.net,6283
cort,wyeast.ddns.net,6283
rubear,131.252.211.242,6283
castlez,castlez.ddns.net,6283
quanah,quanah.duckdns.org,6283
mattTighe,matthewtighe.ddns.net,6283
jbrophy,jbrophy.ddns.net,6283
ph6,paulhuynh94.ddns.net,6283
zixuchen,zixuchenlorch.ddns.net,6283
mouacher,mouacher.ddns.net,6283
stripes416,mattst88.com,6283
mohl,mohl.ddns.net,6283
pbn,pbn.ddns.net,6283
hyena,hyena.ddns.net,6283
Minion,minion.mindtax.net,6283
gtdrakeley,71.59.140.217,6283
po8,bartfan.po8.org,6283
waspxor,TBD,6283